{
  "min": 0.7500569566820873,
  "max": 0.882425476814235,
  "mean": 0.7933931500001343,
  "median": 0.7850739835966039,
  "std": 0.03240836611191134,
  "total_pairs": 1687,
  "threshold": 0.75
}