{
  "total_unique_strings": 7327,
  "fields": {
    "composite": {
      "unique_strings": 2257
    },
    "person": {
      "unique_strings": 159
    },
    "title": {
      "unique_strings": 1799
    },
    "provision": {
      "unique_strings": 1664
    },
    "subjects": {
      "unique_strings": 1459
    }
  },
  "string_length_stats": {
    "composite": {
      "min_length": 53,
      "max_length": 3382,
      "mean_length": 400.5427558706247,
      "median_length": 353,
      "std_length": 218.8359222978033,
      "length_histogram": [
        293,
        1060,
        525,
        218,
        93,
        31,
        18,
        6,
        5,
        2,
        5,
        0,
        0,
        0,
        0,
        0,
        0,
        0,
        0,
        1
      ],
      "length_bins": [
        53.0,
        219.45,
        385.9,
        552.3499999999999,
        718.8,
        885.25,
        1051.6999999999998,
        1218.1499999999999,
        1384.6,
        1551.05,
        1717.5,
        1883.9499999999998,
        2050.3999999999996,
        2216.85,
        2383.2999999999997,
        2549.75,
        2716.2,
        2882.6499999999996,
        3049.1,
        3215.5499999999997,
        3382.0
      ]
    },
    "person": {
      "min_length": 3,
      "max_length": 106,
      "mean_length": 24.19496855345912,
      "median_length": 21,
      "std_length": 18.156024690063102,
      "length_histogram": [
        6,
        26,
        38,
        24,
        37,
        13,
        3,
        1,
        2,
        2,
        0,
        0,
        0,
        0,
        1,
        1,
        0,
        0,
        0,
        5
      ],
      "length_bins": [
        3.0,
        8.15,
        13.3,
        18.450000000000003,
        23.6,
        28.75,
        33.900000000000006,
        39.050000000000004,
        44.2,
        49.35,
        54.5,
        59.650000000000006,
        64.80000000000001,
        69.95,
        75.10000000000001,
        80.25,
        85.4,
        90.55000000000001,
        95.7,
        100.85000000000001,
        106.0
      ]
    },
    "title": {
      "min_length": 2,
      "max_length": 868,
      "mean_length": 104.70483602001111,
      "median_length": 65,
      "std_length": 108.37170780589521,
      "length_histogram": [
        662,
        422,
        235,
        155,
        94,
        61,
        51,
        47,
        30,
        13,
        7,
        4,
        5,
        4,
        4,
        1,
        1,
        1,
        1,
        1
      ],
      "length_bins": [
        2.0,
        45.3,
        88.6,
        131.89999999999998,
        175.2,
        218.5,
        261.79999999999995,
        305.09999999999997,
        348.4,
        391.7,
        435.0,
        478.29999999999995,
        521.5999999999999,
        564.9,
        608.1999999999999,
        651.5,
        694.8,
        738.0999999999999,
        781.4,
        824.6999999999999,
        868.0
      ]
    },
    "provision": {
      "min_length": 4,
      "max_length": 365,
      "mean_length": 56.34134615384615,
      "median_length": 44,
      "std_length": 40.989343386602236,
      "length_histogram": [
        190,
        521,
        428,
        190,
        133,
        56,
        54,
        26,
        21,
        17,
        3,
        10,
        7,
        1,
        1,
        2,
        1,
        1,
        0,
        2
      ],
      "length_bins": [
        4.0,
        22.05,
        40.1,
        58.150000000000006,
        76.2,
        94.25,
        112.30000000000001,
        130.35000000000002,
        148.4,
        166.45000000000002,
        184.5,
        202.55,
        220.60000000000002,
        238.65,
        256.70000000000005,
        274.75,
        292.8,
        310.85,
        328.90000000000003,
        346.95,
        365.0
      ]
    },
    "subjects": {
      "min_length": 2,
      "max_length": 3109,
      "mean_length": 135.47566826593558,
      "median_length": 87,
      "std_length": 180.5473133045264,
      "length_histogram": [
        1062,
        280,
        75,
        17,
        2,
        8,
        4,
        2,
        4,
        3,
        1,
        0,
        0,
        0,
        0,
        0,
        0,
        0,
        0,
        1
      ],
      "length_bins": [
        2.0,
        157.35,
        312.7,
        468.04999999999995,
        623.4,
        778.75,
        934.0999999999999,
        1089.45,
        1244.8,
        1400.1499999999999,
        1555.5,
        1710.85,
        1866.1999999999998,
        2021.55,
        2176.9,
        2332.25,
        2487.6,
        2642.95,
        2798.2999999999997,
        2953.65,
        3109.0
      ]
    }
  },
  "frequency_distribution": {
    "min": 1,
    "max": 76,
    "mean": 1.5571175105773167,
    "median": 1.0,
    "counts": {
      "1": 6086,
      "2": 803,
      "3": 200,
      "4": 77,
      "5": 23,
      "6": 26,
      "7": 6,
      "8": 7,
      "9": 7,
      "10": 3,
      "11": 4,
      "12": 2,
      "13": 2,
      "14": 1,
      "15": 3,
      "16": 3,
      "18": 3,
      "20": 1,
      "21": 2,
      "22": 4,
      "23": 1,
      "24": 16,
      "25": 7,
      "26": 7,
      "27": 2,
      "28": 5,
      "29": 2,
      "30": 1,
      "31": 5,
      "32": 3,
      "33": 1,
      "34": 5,
      "35": 2,
      "39": 1,
      "41": 1,
      "43": 1,
      "46": 1,
      "63": 1,
      "64": 1,
      "76": 1
    }
  }
}